id,web_name,team_name,position,price,ep_total,exp_minutes
1,Raya,Arsenal,GK,6.0,22.45,389.806875
2,Arrizabalaga,Arsenal,GK,4.1,22.45,357.30719999999997
3,Hein,Arsenal,GK,4.0,22.45,0.0
4,Setford,Arsenal,GK,3.9,22.45,357.25860000000006
5,Gabriel,Arsenal,DEF,6.2,22.45,94.5285
6,Saliba,Arsenal,DEF,5.9,22.45,389.51783611111114
7,Calafiori,Arsenal,DEF,5.7,22.45,396.27000000000004
8,J.Timber,Arsenal,DEF,6.5,22.45,406.71380833333336
9,Kiwior,Arsenal,DEF,5.4,22.45,0.0
10,Lewis-Skelly,Arsenal,DEF,5.1,22.45,340.905675
11,White,Arsenal,DEF,5.3,22.45,0.0
13,Clarke,Arsenal,DEF,3.8,22.45,337.47975
14,Kacurri,Arsenal,DEF,3.9,22.45,0.0
15,Nichols,Arsenal,DEF,3.8,22.45,337.41089999999997
16,Saka,Arsenal,MID,10.3,13.11,384.8420333333334
17,Ødegaard,Arsenal,MID,7.8,13.11,355.19518666666664
18,Madueke,Arsenal,MID,6.8,13.11,350.5406666666667
19,Martinelli,Arsenal,MID,6.8,13.11,350.56449999999995
20,Trossard,Arsenal,MID,6.9,13.11,367.77403000000004
21,Rice,Arsenal,MID,7.1,13.11,383.5484466666667
22,Merino,Arsenal,MID,6.0,13.11,339.09836999999993
23,Fábio Vieira,Arsenal,MID,5.4,13.11,0.0
24,Nørgaard,Arsenal,MID,5.2,13.11,344.0034
25,Nwaneri,Arsenal,MID,5.1,13.11,310.749738
26,Zubimendi,Arsenal,MID,5.2,13.11,355.97796000000005
28,Kabia,Arsenal,MID,4.5,13.11,0.0
29,Sambi,Arsenal,MID,4.5,13.11,0.0
30,Havertz,Arsenal,FWD,7.3,10.0,0.0
31,G.Jesus,Arsenal,FWD,6.4,10.0,345.93806
266,Eze,Arsenal,MID,7.7,13.11,337.38307199999997
662,Mosquera,Arsenal,DEF,5.4,22.45,0.0
666,Gyökeres,Arsenal,FWD,8.8,10.0,356.01215
700,Dowman,Arsenal,MID,4.3,13.11,0.0
711,Harriman-Annous,Arsenal,MID,4.5,13.11,309.582
725,Hincapie,Arsenal,DEF,5.5,22.45,408.27969722222224
759,Salmon,Arsenal,DEF,4.0,22.45,337.36500000000007
32,Martinez,Aston Villa,GK,5.1,20.74,311.02934999999997
33,M.Bizot,Aston Villa,GK,4.2,20.74,359.29224000000005
34,Gauci,Aston Villa,GK,4.0,20.74,0.0
35,Marschall,Aston Villa,GK,4.0,20.74,0.0
36,Cash,Aston Villa,DEF,4.9,20.74,402.7843055555556
37,Digne,Aston Villa,DEF,4.5,20.74,387.12428333333327
38,Konsa,Aston Villa,DEF,4.4,20.74,392.86296388888894
39,Maatsen,Aston Villa,DEF,4.2,20.74,342.47945000000004
40,Mings,Aston Villa,DEF,4.3,20.74,0.0
41,Pau,Aston Villa,DEF,4.3,20.74,0.0
42,A.García,Aston Villa,DEF,3.9,20.74,374.90099999999995
43,Alex Moreno,Aston Villa,DEF,4.0,20.74,0.0
44,Bogarde,Aston Villa,DEF,4.0,20.74,379.86415
45,Sousa,Aston Villa,DEF,3.9,20.74,337.43385
46,Yasin,Aston Villa,DEF,4.0,20.74,0.0
47,Rogers,Aston Villa,MID,7.1,12.69,391.08992000000006
48,Tielemans,Aston Villa,MID,5.9,12.69,358.8017766666666
49,Bailey,Aston Villa,MID,5.5,12.69,0.0
50,Buendía,Aston Villa,MID,5.3,12.69,354.9296833333333
51,Iling Jr,Aston Villa,MID,5.5,12.69,0.0
53,Malen,Aston Villa,MID,5.1,12.69,324.112815
54,McGinn,Aston Villa,MID,5.4,12.69,324.06874500000004
55,Barkley,Aston Villa,MID,4.8,12.69,0.0
56,Barrenechea,Aston Villa,MID,5.0,12.69,0.0
57,Dobbin,Aston Villa,MID,5.0,12.69,0.0
58,Kamara,Aston Villa,MID,4.9,12.69,374.07162
59,Onana,Aston Villa,MID,4.8,12.69,361.37556000000006
60,Broggio,Aston Villa,MID,4.5,12.69,309.64518000000004
61,Dendoncker,Aston Villa,MID,4.5,12.69,0.0
62,Jimoh-Aloba,Aston Villa,MID,4.5,12.69,309.60306
63,Young,Aston Villa,MID,4.3,12.69,309.70836
64,Watkins,Aston Villa,FWD,8.5,10.0,370.0895466666667
65,Redmond,Aston Villa,FWD,4.5,10.0,0.0
389,Elliott,Aston Villa,MID,5.2,12.69,258.0201
456,Sancho,Aston Villa,MID,5.8,12.69,347.2122333333333
677,Guessand,Aston Villa,MID,6.2,12.69,0.0
688,Wright,Aston Villa,GK,3.9,20.74,357.3558
701,Rowe,Aston Villa,DEF,4.0,20.74,0.0
702,Burrowes,Aston Villa,MID,4.4,12.69,309.60306
703,Proctor,Aston Villa,GK,3.9,20.74,357.3315
710,Patterson,Aston Villa,DEF,3.9,20.74,337.41089999999997
719,Lindelöf,Aston Villa,DEF,4.5,20.74,380.42921111111116
754,George Hemmings,Aston Villa,MID,4.5,12.69,309.582
757,Hollingshead,Aston Villa,GK,4.0,20.74,357.21000000000004
183,Weiss,Burnley,GK,4.3,20.6,357.2343
184,Green,Burnley,GK,4.0,20.6,0.0
185,Hladký,Burnley,GK,3.9,20.6,357.25860000000006
186,Roberts,Burnley,DEF,4.4,20.6,0.0
187,Walker,Burnley,DEF,4.4,20.6,383.4928
188,Delcroix,Burnley,DEF,3.8,20.6,337.43385
189,Dodgson,Burnley,DEF,4.0,20.6,0.0
190,Ekdal,Burnley,DEF,3.9,20.6,348.17512999999997
191,Estève,Burnley,DEF,3.9,20.6,354.461985
192,Hartman,Burnley,DEF,4.0,20.6,348.22247500000003
193,Humphreys,Burnley,DEF,3.9,20.6,0.0
194,Jordan,Burnley,DEF,3.9,20.6,0.0
195,Lucas Pires,Burnley,DEF,3.8,20.6,374.90099999999995
196,Sambo,Burnley,DEF,4.0,20.6,0.0
197,Sonne,Burnley,DEF,3.8,20.6,345.55725749999993
198,Tuanzebe,Burnley,DEF,3.9,20.6,0.0
199,Worrall,Burnley,DEF,3.8,20.6,340.53507499999995
200,Anthony,Burnley,MID,5.2,12.65,356.02632000000006
201,Benson,Burnley,MID,5.4,12.65,0.0
202,Bruun Larsen,Burnley,MID,5.3,12.65,354.80899999999997
203,Boateng,Burnley,MID,4.7,12.65,309.582
204,Churlinov,Burnley,MID,4.9,12.65,0.0
205,Cullen,Burnley,MID,5.0,12.65,325.48124700000005
206,Edwards,Burnley,MID,4.7,12.65,316.48312799999997
207,Hannibal,Burnley,MID,4.8,12.65,0.0
208,Koleosho,Burnley,MID,5.0,12.65,0.0
209,Laurent,Burnley,MID,4.8,12.65,315.31500000000005
210,Tchaouna,Burnley,MID,4.9,12.65,316.46160000000003
211,A.Ramsey,Burnley,MID,4.4,12.65,0.0
212,Adewumi,Burnley,MID,4.5,12.65,0.0
213,Banel,Burnley,MID,4.5,12.65,309.582
214,Trésor,Burnley,MID,4.4,12.65,311.323077
215,Flemming,Burnley,FWD,5.3,10.0,325.21589100000006
216,Amdouni,Burnley,FWD,4.8,10.0,0.0
217,Foster,Burnley,FWD,5.0,10.0,0.0
218,Barnes,Burnley,FWD,4.3,10.0,309.83472
219,Obafemi,Burnley,FWD,4.4,10.0,0.0
470,Dúbravka,Burnley,GK,4.0,20.6,419.47650000000004
676,Ugochukwu,Burnley,MID,5.0,12.65,361.8406133333333
680,Broja,Burnley,FWD,5.2,10.0,358.6797933333333
722,Florentino,Burnley,MID,5.0,12.65,322.19460000000004
66,Neto,Bournemouth,GK,4.5,21.41,0.0
67,Petrović,Bournemouth,GK,4.5,21.41,375.17130000000003
68,Dennis,Bournemouth,GK,4.0,21.41,357.42870000000005
69,McKenna,Bournemouth,GK,4.0,21.41,357.25860000000006
70,Paulsen,Bournemouth,GK,4.0,21.41,0.0
71,Zabarnyi,Bournemouth,DEF,5.0,21.41,0.0
72,Senesi,Bournemouth,DEF,4.9,21.41,401.6552222222222
73,Smith,Bournemouth,DEF,4.4,21.41,386.70343888888885
74,Truffert,Bournemouth,DEF,4.5,21.41,353.56004999999993
75,Akinmboni,Bournemouth,DEF,3.8,21.41,93.72524999999999
76,Bevan,Bournemouth,DEF,3.9,21.41,337.41089999999997
77,Hill,Bournemouth,DEF,3.9,21.41,339.40079249999997
78,J.Araujo,Bournemouth,DEF,3.8,21.41,375.02849999999995
79,Mepham,Bournemouth,DEF,4.0,21.41,0.0
80,Soler,Bournemouth,DEF,4.0,21.41,376.28952222222216
81,Kluivert,Bournemouth,MID,7.0,12.85,355.66362000000004
82,Semenyo,Bournemouth,MID,7.7,12.85,380.84540000000004
84,Tavernier,Bournemouth,MID,5.6,12.85,337.23678300000006
85,Adams,Bournemouth,MID,5.0,12.85,0.0
86,Brooks,Bournemouth,MID,5.0,12.85,349.12349333333333
87,Christie,Bournemouth,MID,4.9,12.85,345.91453
88,Cook,Bournemouth,MID,4.9,12.85,350.34999999999997
89,Philip,Bournemouth,MID,4.9,12.85,0.0
90,Scott,Bournemouth,MID,5.0,12.85,322.260354
91,Sinisterra,Bournemouth,MID,5.0,12.85,0.0
92,Faivre,Bournemouth,MID,4.5,12.85,0.0
93,H.Traorè,Bournemouth,MID,4.5,12.85,0.0
94,Sadi,Bournemouth,MID,4.5,12.85,0.0
95,Silcott-Duberry,Bournemouth,MID,4.4,12.85,0.0
96,Winterburn,Bournemouth,MID,4.5,12.85,0.0
97,Evanilson,Bournemouth,FWD,7.0,10.0,366.7733333333333
98,Enes Ünal,Bournemouth,FWD,5.4,10.0,353.535
99,Adu-Adjei,Bournemouth,FWD,4.4,10.0,0.0
100,Kroupi.Jr,Bournemouth,FWD,4.6,10.0,320.837166
391,Gannon-Doak,Bournemouth,MID,4.8,12.85,0.0
685,Diakité,Bournemouth,DEF,4.4,21.41,390.2278222222222
687,Rees-Dottin,Bournemouth,MID,4.4,12.85,309.60306
697,Adli,Bournemouth,MID,5.4,12.85,319.9014
713,A.Jimenez,Bournemouth,DEF,4.5,21.41,354.25734750000004
721,Milosavljević,Bournemouth,DEF,4.5,21.41,0.0
756,DaCosta,Bournemouth,MID,4.5,12.85,309.582
27,Nelson,Brentford,MID,4.8,13.08,258.95811499999996
83,O.Dango,Brentford,MID,6.0,13.08,0.0
101,Kelleher,Brentford,GK,4.5,22.3,428.67799999999994
102,Balcombe,Brentford,GK,4.0,22.3,357.28290000000004
103,Cox,Brentford,GK,3.9,22.3,357.25860000000006
104,Eyestone,Brentford,GK,3.9,22.3,357.2343
105,Valdimarsson,Brentford,GK,3.9,22.3,357.3801
106,Collins,Brentford,DEF,4.9,22.3,359.62224999999995
107,Lewis-Potter,Brentford,DEF,4.8,22.3,368.72787500000004
108,Ajer,Brentford,DEF,4.4,22.3,380.4550888888889
109,Henry,Brentford,DEF,4.3,22.3,351.133385
110,Kayode,Brentford,DEF,4.5,22.3,351.90174249999995
111,Pinnock,Brentford,DEF,4.2,22.3,379.7349972222222
112,Roerslev,Brentford,DEF,4.5,22.3,0.0
113,Van den Berg,Brentford,DEF,4.5,22.3,356.4224250000001
114,Arthur,Brentford,DEF,3.9,22.3,374.90099999999995
115,Fredrick,Brentford,DEF,4.0,22.3,0.0
116,Hickey,Brentford,DEF,4.0,22.3,393.72637499999996
117,Ji-soo,Brentford,DEF,3.9,22.3,0.0
118,Meghoma,Brentford,DEF,4.0,22.3,0.0
120,Schade,Brentford,MID,7.0,13.08,355.0020933333333
121,Damsgaard,Brentford,MID,5.8,13.08,322.899642
122,Milambo,Brentford,MID,5.2,13.08,0.0
123,Carvalho,Brentford,MID,4.7,13.08,0.0
124,Henderson,Brentford,MID,5.0,13.08,369.5856666666667
125,Janelt,Brentford,MID,4.9,13.08,359.905
126,Jensen,Brentford,MID,4.9,13.08,321.06984000000006
127,Nunes,Brentford,MID,4.9,13.08,343.98
128,Onyeka,Brentford,MID,4.8,13.08,0.0
129,Yarmoliuk,Brentford,MID,5.0,13.08,355.47018
130,Donovan,Brentford,MID,4.4,13.08,309.60306
131,Konak,Brentford,MID,4.3,13.08,309.62412000000006
132,Maghoma,Brentford,MID,4.5,13.08,343.98
133,Peart-Harris,Brentford,MID,4.4,13.08,309.582
134,Trevitt,Brentford,MID,4.5,13.08,0.0
136,Thiago,Brentford,FWD,7.1,10.0,378.38233333333335
137,Morgan,Brentford,FWD,4.4,10.0,309.66624
748,Dasilva,Brentford,MID,4.9,13.08,0.0
138,Steele,Brighton,GK,4.2,21.52,357.28290000000004
139,Verbruggen,Brighton,GK,4.4,21.52,391.69215
140,McGill,Brighton,GK,3.9,21.52,357.28290000000004
141,Rushworth,Brighton,GK,4.0,21.52,0.0
142,Scherpen,Brighton,GK,4.0,21.52,0.0
143,Boscagli,Brighton,DEF,4.2,21.52,345.5102525
144,Coppola,Brighton,DEF,4.2,21.52,344.8854600000001
145,De Cuyper,Brighton,DEF,4.3,21.52,410.1712777777778
146,Dunk,Brighton,DEF,4.5,21.52,384.1091916666667
147,Estupiñan,Brighton,DEF,4.5,21.52,0.0
148,F.Kadıoğlu,Brighton,DEF,4.4,21.52,356.1559500000001
150,Lamptey,Brighton,DEF,4.4,21.52,0.0
151,Van Hecke,Brighton,DEF,4.6,21.52,365.34423749999996
152,Veltman,Brighton,DEF,4.3,21.52,379.7349972222222
153,Webster,Brighton,DEF,4.4,21.52,0.0
154,Cashin,Brighton,DEF,4.0,21.52,0.0
155,Slater,Brighton,DEF,4.0,21.52,0.0
156,Tasker,Brighton,DEF,3.9,21.52,337.38795000000005
157,Mitoma,Brighton,MID,6.1,12.88,346.31453999999997
158,Georginio,Brighton,MID,5.6,12.88,364.46314666666666
159,March,Brighton,MID,5.8,12.88,0.0
160,Minteh,Brighton,MID,6.1,12.88,334.0974
161,Enciso,Brighton,MID,5.4,12.88,0.0
162,Gruda,Brighton,MID,5.4,12.88,352.28496333333334
163,Hinshelwood,Brighton,MID,5.1,12.88,367.549
164,O'Riley,Brighton,MID,5.5,12.88,0.0
165,Sima,Brighton,MID,5.4,12.88,0.0
166,Ayari,Brighton,MID,4.8,12.88,355.49436000000003
167,Baleba,Brighton,MID,4.6,12.88,0.0
169,Gomez,Brighton,MID,4.9,12.88,352.28496333333334
170,Milner,Brighton,MID,4.9,12.88,345.91453
171,Sarmiento,Brighton,MID,4.9,12.88,0.0
172,Watson,Brighton,MID,4.8,12.88,345.25399999999996
173,Wieffer,Brighton,MID,4.9,12.88,366.3746666666667
174,Yalcouye,Brighton,MID,5.0,12.88,0.0
175,Knight,Brighton,MID,4.4,12.88,309.60306
176,Mazilu,Brighton,MID,4.5,12.88,0.0
177,Moran,Brighton,MID,4.5,12.88,0.0
178,Welbeck,Brighton,FWD,6.4,10.0,270.19918249999995
179,Ferguson,Brighton,FWD,5.5,10.0,0.0
180,Tzimas,Brighton,FWD,5.3,10.0,0.0
181,Kostoulas,Brighton,FWD,4.8,10.0,313.659099
744,Oriola,Brighton,MID,4.5,12.88,309.582
761,Simmonds,Brighton,DEF,4.0,21.52,337.36500000000007
168,Buonanotte,Chelsea,MID,4.6,12.82,344.0034
220,Sánchez,Chelsea,GK,4.9,21.29,394.26750000000004
221,Jörgensen,Chelsea,GK,4.3,21.29,357.25860000000006
222,Penders,Chelsea,GK,4.0,21.29,0.0
223,Slonina,Chelsea,GK,3.9,21.29,357.2343
224,Cucurella,Chelsea,DEF,6.2,21.29,364.803
225,James,Chelsea,DEF,5.6,21.29,410.0537416666666
226,Chalobah,Chelsea,DEF,5.5,21.29,425.3704583333333
227,Colwill,Chelsea,DEF,4.8,21.29,0.0
228,Gusto,Chelsea,DEF,5.0,21.29,408.1965388888889
229,B.Badiashile,Chelsea,DEF,4.4,21.29,374.85
230,Fofana,Chelsea,DEF,4.4,21.29,401.36480555555556
231,M.Sarr,Chelsea,DEF,4.5,21.29,0.0
232,Tosin,Chelsea,DEF,4.1,21.29,390.20128333333327
233,Acheampong,Chelsea,DEF,3.9,21.29,375.207
234,Anselmino,Chelsea,DEF,4.0,21.29,0.0
235,Palmer,Chelsea,MID,10.4,12.82,360.74592666666666
236,Neto,Chelsea,MID,7.3,12.82,373.72049000000004
237,Enzo,Chelsea,MID,6.5,12.82,370.1243433333334
238,Estêvão,Chelsea,MID,6.5,12.82,0.0
239,Gittens,Chelsea,MID,6.1,12.82,321.06984000000006
240,Nkunku,Chelsea,MID,5.9,12.82,0.0
241,Caicedo,Chelsea,MID,5.7,12.82,347.34431333333333
243,George,Chelsea,MID,4.8,12.82,309.60306
244,Lavia,Chelsea,MID,4.9,12.82,0.0
245,Mudryk,Chelsea,MID,4.9,12.82,0.0
246,Andrey Santos,Chelsea,MID,4.5,12.82,352.33289
247,D.Essugo,Chelsea,MID,4.3,12.82,0.0
248,Paez,Chelsea,MID,4.5,12.82,0.0
249,João Pedro,Chelsea,FWD,7.2,10.0,328.74808200000007
250,Delap,Chelsea,FWD,6.2,10.0,0.0
251,N.Jackson,Chelsea,FWD,6.5,10.0,0.0
252,Marc Guiu,Chelsea,FWD,4.3,10.0,350.99947999999995
453,Garnacho,Chelsea,MID,6.4,12.82,318.31137
672,Hato,Chelsea,DEF,4.6,21.29,337.41089999999997
743,Emenalo,Chelsea,MID,4.5,12.82,309.582
253,Henderson,Crystal Palace,GK,5.1,21.97,380.66886
254,Benitez,Crystal Palace,GK,4.0,21.97,396.981
255,Matthews,Crystal Palace,GK,3.9,21.97,357.2343
256,Muñoz,Crystal Palace,DEF,5.9,21.97,0.0
257,Lacroix,Crystal Palace,DEF,5.2,21.97,366.01323
258,Mitchell,Crystal Palace,DEF,5.0,21.97,354.83568750000006
259,Sosa,Crystal Palace,DEF,4.8,21.97,376.2639277777777
260,Guéhi,Crystal Palace,DEF,5.3,21.97,419.72093333333333
261,Richards,Crystal Palace,DEF,4.6,21.97,402.4292888888889
262,Chadi Riad,Crystal Palace,DEF,4.0,21.97,93.7125
263,Clyne,Crystal Palace,DEF,3.8,21.97,341.9009825
264,Holding,Crystal Palace,DEF,4.0,21.97,0.0
265,Kporha,Crystal Palace,DEF,4.0,21.97,0.0
267,Sarr,Crystal Palace,MID,6.4,12.99,0.0
268,Doucouré,Crystal Palace,MID,4.9,12.99,0.0
269,Esse,Crystal Palace,MID,4.7,12.99,309.60306
270,Hughes,Crystal Palace,MID,4.7,12.99,349.09974666666665
271,Kamada,Crystal Palace,MID,5.0,12.99,0.0
272,Lerma,Crystal Palace,MID,4.9,12.99,317.05646699999994
273,Wharton,Crystal Palace,MID,5.0,12.99,374.75983999999994
274,Agbinone,Crystal Palace,MID,4.3,12.99,309.60306
275,Ahamada,Crystal Palace,MID,4.3,12.99,309.582
276,Devenny,Crystal Palace,MID,4.3,12.99,355.09864
277,Ebiowei,Crystal Palace,MID,4.5,12.99,0.0
278,J.Rak-Sakyi,Crystal Palace,MID,4.4,12.99,0.0
279,M.França,Crystal Palace,MID,4.5,12.99,0.0
280,Ozoh,Crystal Palace,MID,4.5,12.99,0.0
281,Rodney,Crystal Palace,MID,4.4,12.99,309.582
282,Umeh,Crystal Palace,MID,4.5,12.99,0.0
283,Mateta,Crystal Palace,FWD,7.8,10.0,363.60198333333335
284,Nketiah,Crystal Palace,FWD,5.4,10.0,358.77737999999994
285,Édouard,Crystal Palace,FWD,5.0,10.0,0.0
286,Marsh,Crystal Palace,FWD,4.5,10.0,309.64518000000004
690,Cardines,Crystal Palace,MID,4.4,12.99,0.0
712,Yeremy,Crystal Palace,MID,5.8,12.99,367.64901333333336
723,Canvot,Crystal Palace,DEF,4.5,21.97,378.3208333333333
732,Uche,Crystal Palace,FWD,5.5,10.0,316.46160000000003
762,Drakes-Thomas,Crystal Palace,MID,4.5,12.99,315.31500000000005
242,Dewsbury-Hall,Everton,MID,5.1,12.72,0.0
287,Pickford,Everton,GK,5.5,20.89,391.12690499999997
288,Travers,Everton,GK,4.3,20.89,357.2343
289,Tyrer,Everton,GK,3.9,20.89,357.2343
290,Branthwaite,Everton,DEF,5.3,20.89,0.0
291,Tarkowski,Everton,DEF,5.5,20.89,374.87868749999996
292,Mykolenko,Everton,DEF,4.9,20.89,401.36480555555556
293,O'Brien,Everton,DEF,4.9,20.89,361.20376
294,Coleman,Everton,DEF,4.3,20.89,0.0
295,Keane,Everton,DEF,4.7,20.89,404.96691666666663
296,Patterson,Everton,DEF,4.4,20.89,374.85
297,Dixon,Everton,DEF,3.8,20.89,337.41089999999997
298,Welch,Everton,DEF,3.8,20.89,337.38795000000005
299,Ndiaye,Everton,MID,6.3,12.72,0.0
300,McNeil,Everton,MID,5.5,12.72,315.33645
301,Alcaraz,Everton,MID,5.2,12.72,322.7898570000001
302,Gana,Everton,MID,5.4,12.72,0.0
303,Garner,Everton,MID,5.0,12.72,330.92911799999996
304,Iroegbunam,Everton,MID,4.8,12.72,355.446
305,Armstrong,Everton,MID,4.5,12.72,0.0
306,Bates,Everton,MID,4.3,12.72,309.60306
307,Ebere,Everton,MID,4.4,12.72,309.582
308,Heath,Everton,MID,4.5,12.72,0.0
309,Metcalfe,Everton,MID,4.5,12.72,0.0
310,Barry,Everton,FWD,5.7,10.0,324.00264
311,Beto,Everton,FWD,5.0,10.0,315.85125000000005
312,Y.Chermiti,Everton,FWD,4.9,10.0,0.0
313,Sherif,Everton,FWD,4.4,10.0,0.0
419,Grealish,Everton,MID,6.5,12.72,370.74075999999997
630,King,Everton,GK,3.9,20.89,357.5502
667,Aznou,Everton,DEF,4.2,20.89,374.8755
704,Onyango,Everton,MID,4.5,12.72,0.0
705,Campbell,Everton,DEF,3.9,20.89,337.41089999999997
707,Dibling,Everton,MID,5.3,12.72,313.59510000000006
728,Röhl,Everton,MID,5.0,12.72,345.25399999999996
314,Leno,Fulham,GK,4.9,20.97,369.56897999999995
315,Benda,Fulham,GK,4.0,20.97,0.0
316,Robinson,Fulham,DEF,4.9,20.97,378.4495138888889
317,Andersen,Fulham,DEF,4.6,20.97,396.0837555555555
318,Bassey,Fulham,DEF,4.5,20.97,0.0
319,Castagne,Fulham,DEF,4.3,20.97,344.8854600000001
320,Diop,Fulham,DEF,4.3,20.97,337.38795000000005
321,J.Cuenca,Fulham,DEF,4.3,20.97,337.36500000000007
322,Tete,Fulham,DEF,4.5,20.97,401.47398333333336
323,Amissah,Fulham,DEF,3.8,20.97,337.38795000000005
324,Iwobi,Fulham,MID,6.3,12.74,0.0
325,Smith Rowe,Fulham,MID,5.6,12.74,364.58708
326,Adama,Fulham,MID,5.1,12.74,311.323077
327,Andreas,Fulham,MID,5.3,12.74,0.0
328,Sessegnon,Fulham,MID,5.4,12.74,0.0
329,Wilson,Fulham,MID,5.7,12.74,395.44834333333324
330,Berge,Fulham,MID,4.9,12.74,318.203145
331,Cairney,Fulham,MID,4.8,12.74,345.25399999999996
332,Lukić,Fulham,MID,5.0,12.74,261.3470275
333,Godo,Fulham,MID,4.5,12.74,0.0
334,Harris,Fulham,MID,4.5,12.74,0.0
335,King,Fulham,MID,4.5,12.74,320.510736
336,Reed,Fulham,MID,4.3,12.74,310.792014
337,Raúl,Fulham,FWD,6.3,10.0,361.84239
338,Muniz,Fulham,FWD,5.3,10.0,0.0
664,Lecomte,Fulham,GK,3.9,20.97,357.3801
727,Chukwueze,Fulham,MID,5.3,12.74,0.0
731,Kevin,Fulham,MID,5.8,12.74,350.3738333333333
737,Kusi-Asare,Fulham,FWD,4.5,10.0,310.749738
339,Meslier,Leeds,GK,4.2,20.71,357.30719999999997
340,Cairns,Leeds,GK,3.9,20.71,357.25860000000006
341,Darlow,Leeds,GK,3.9,20.71,357.7203
342,Bogle,Leeds,DEF,4.4,20.71,390.8690055555556
343,Struijk,Leeds,DEF,4.3,20.71,390.1747444444444
344,Bijol,Leeds,DEF,3.9,20.71,399.25444444444446
345,Bornauw,Leeds,DEF,3.8,20.71,376.9581416666666
346,Byram,Leeds,DEF,3.8,20.71,337.41089999999997
347,Gudmundsson,Leeds,DEF,3.8,20.71,387.6240361111111
348,Rodon,Leeds,DEF,4.0,20.71,388.0448805555556
349,Schmidt,Leeds,DEF,4.0,20.71,0.0
350,Aaronson,Leeds,MID,5.4,12.68,322.7898570000001
351,Gnonto,Leeds,MID,5.2,12.68,354.8331366666667
352,Harrison,Leeds,MID,5.1,12.68,345.2774866666666
353,James,Leeds,MID,5.3,12.68,0.0
354,Ampadu,Leeds,MID,4.9,12.68,371.3962633333333
355,Greenwood,Leeds,MID,4.9,12.68,0.0
356,Gruev,Leeds,MID,4.7,12.68,318.18149999999997
357,Ramazani,Leeds,MID,4.9,12.68,0.0
358,Tanaka,Leeds,MID,4.8,12.68,369.53540000000004
359,Crew,Leeds,MID,4.5,12.68,0.0
360,Gelhardt,Leeds,MID,4.5,12.68,0.0
361,Gyabi,Leeds,MID,4.5,12.68,0.0
362,Piroe,Leeds,FWD,5.0,10.0,348.53381333333334
363,Bamford,Leeds,FWD,4.9,10.0,0.0
364,Mateo Joseph,Leeds,FWD,5.0,10.0,0.0
365,Nmecha,Leeds,FWD,5.0,10.0,0.0
493,Longstaff,Leeds,MID,4.8,12.68,0.0
660,Stach,Leeds,MID,4.8,12.68,378.2292366666667
665,Perri,Leeds,GK,4.5,20.71,410.1858
691,Calvert-Lewin,Leeds,FWD,5.7,10.0,393.3539999999999
698,Okafor,Leeds,MID,5.5,12.68,358.65539666666666
706,Justin,Leeds,DEF,3.9,20.71,341.784745
741,Gray,Leeds,FWD,4.5,10.0,344.0034
366,A.Becker,Liverpool,GK,5.4,22.62,425.73945000000003
367,Mamardashvili,Liverpool,GK,4.3,22.62,357.3801
368,Pécsi,Liverpool,GK,3.9,22.62,357.28290000000004
369,Woodman,Liverpool,GK,3.9,22.62,357.25860000000006
370,Frimpong,Liverpool,DEF,5.7,22.62,380.8715416666667
371,Kerkez,Liverpool,DEF,5.6,22.62,356.81002500000005
372,Robertson,Liverpool,DEF,5.8,22.62,343.84625
373,Virgil,Liverpool,DEF,5.9,22.62,366.9274050000001
374,Konaté,Liverpool,DEF,5.4,22.62,402.0744611111111
375,Bradley,Liverpool,DEF,5.0,22.62,286.38270833333337
376,Gomez,Liverpool,DEF,4.9,22.62,0.0
377,Tsimikas,Liverpool,DEF,4.8,22.62,0.0
378,Nallo,Liverpool,DEF,3.8,22.62,374.9265
379,R.Williams,Liverpool,DEF,3.8,22.62,337.41089999999997
380,Ramsay,Liverpool,DEF,3.8,22.62,337.43385
381,M.Salah,Liverpool,MID,14.0,13.16,0.0
382,Wirtz,Liverpool,MID,8.0,13.16,373.1646966666667
383,Luis Díaz,Liverpool,MID,8.0,13.16,0.0
384,Gakpo,Liverpool,MID,7.3,13.16,0.0
385,Chiesa,Liverpool,MID,6.3,13.16,347.2358499999999
386,Mac Allister,Liverpool,MID,6.2,13.16,357.0112
387,Szoboszlai,Liverpool,MID,6.7,13.16,0.0
388,C.Jones,Liverpool,MID,5.4,13.16,355.47018
390,Gravenberch,Liverpool,MID,5.6,13.16,367.4211666666667
392,Endo,Liverpool,MID,4.9,13.16,0.0
393,Bajcetic,Liverpool,MID,4.3,13.16,0.0
394,McConnell,Liverpool,MID,4.4,13.16,0.0
395,Morton,Liverpool,MID,4.5,13.16,0.0
396,Nyoni,Liverpool,MID,4.3,13.16,310.813152
397,Darwin,Liverpool,FWD,6.5,10.0,0.0
398,Danns,Liverpool,FWD,4.3,10.0,0.0
499,Isak,Liverpool,FWD,10.3,10.0,274.05378
661,Ekitiké,Liverpool,FWD,8.8,10.0,390.48672000000005
686,Ngumoha,Liverpool,MID,4.3,13.16,310.85542799999996
692,Leoni,Liverpool,DEF,4.9,22.62,0.0
746,Morrison,Liverpool,MID,4.5,13.16,309.582
760,Lucky,Liverpool,DEF,4.0,22.62,337.36500000000007
182,Trafford,Man City,GK,4.6,23.66,357.453
399,Ederson M.,Man City,GK,5.3,23.66,0.0
400,Ortega Moreno,Man City,GK,4.7,23.66,357.25860000000006
401,Bettinelli,Man City,GK,3.9,23.66,396.927
402,Aït-Nouri,Man City,DEF,5.7,23.66,0.0
403,Gvardiol,Man City,DEF,6.0,23.66,415.5017222222222
404,Akanji,Man City,DEF,5.4,23.66,0.0
405,Aké,Man City,DEF,5.3,23.66,339.37771499999997
406,Khusanov,Man City,DEF,5.4,23.66,376.3151166666666
407,Matheus N.,Man City,DEF,5.4,23.66,370.35519999999997
408,Rúben,Man City,DEF,5.7,23.66,376.635
409,Stones,Man City,DEF,5.4,23.66,0.0
410,Lewis,Man City,DEF,4.7,23.66,378.65540277777774
411,O'Reilly,Man City,DEF,5.3,23.66,404.25801666666666
412,Vitor Reis,Man City,DEF,5.0,23.66,0.0
413,Marmoush,Man City,MID,8.3,13.42,0.0
414,Foden,Man City,MID,8.9,13.42,418.7456
415,Savinho,Man City,MID,6.9,13.42,352.3568533333333
416,Bernardo,Man City,MID,6.2,13.42,322.30418999999995
417,Cherki,Man City,MID,6.5,13.42,381.02610000000004
418,Doku,Man City,MID,6.5,13.42,0.0
420,Gündoğan,Man City,MID,6.3,13.42,0.0
421,Rodrigo,Man City,MID,6.3,13.42,0.0
422,Kovačić,Man City,MID,5.9,13.42,0.0
423,N.Gonzalez,Man City,MID,5.9,13.42,363.11469999999997
424,Bobb,Man City,MID,5.1,13.42,0.0
425,Echeverri,Man City,MID,5.4,13.42,0.0
427,Reijnders,Man City,MID,5.2,13.42,334.004814
428,Nypan,Man City,MID,5.0,13.42,0.0
429,Phillips,Man City,MID,4.8,13.42,309.60306
430,Haaland,Man City,FWD,15.0,10.0,412.38599999999997
736,Donnarumma,Man City,GK,5.7,23.66,388.33047
739,Mukasa,Man City,MID,4.4,13.42,310.7286
740,Mfuni,Man City,DEF,4.0,23.66,337.36500000000007
742,McAidoo,Man City,MID,4.5,13.42,309.582
763,Gray,Man City,MID,4.5,13.42,309.582
764,Heskey,Man City,MID,4.5,13.42,309.582
119,Mbeumo,Man Utd,MID,8.2,13.14,0.0
431,Bayindir,Man Utd,GK,4.8,22.54,357.28290000000004
432,Onana,Man Utd,GK,4.9,22.54,0.0
433,Harrison,Man Utd,GK,4.0,22.54,0.0
434,Heaton,Man Utd,GK,3.9,22.54,357.28290000000004
435,Mee,Man Utd,GK,3.9,22.54,357.2343
436,De Ligt,Man Utd,DEF,5.0,22.54,0.0
437,Martinez,Man Utd,DEF,4.8,22.54,379.7608277777778
438,Mazraoui,Man Utd,DEF,4.9,22.54,0.0
439,D.Leon,Man Utd,DEF,4.2,22.54,337.38795000000005
440,Dalot,Man Utd,DEF,4.4,22.54,404.4997
441,Dorgu,Man Utd,DEF,4.1,22.54,342.87537999999995
442,Maguire,Man Utd,DEF,4.3,22.54,0.0
443,Shaw,Man Utd,DEF,4.5,22.54,343.75274999999993
444,Yoro,Man Utd,DEF,4.3,22.54,343.93975
445,Amass,Man Utd,DEF,4.0,22.54,0.0
446,Fredricson,Man Utd,DEF,3.8,22.54,337.38795000000005
447,Heaven,Man Utd,DEF,3.8,22.54,380.1224555555556
448,Malacia,Man Utd,DEF,3.8,22.54,337.4568
449,B.Fernandes,Man Utd,MID,9.4,13.14,362.89344
450,Cunha,Man Utd,MID,7.9,13.14,362.28465
451,Rashford,Man Utd,MID,7.0,13.14,0.0
452,Amad,Man Utd,MID,6.3,13.14,0.0
454,Antony,Man Utd,MID,5.9,13.14,0.0
455,Mount,Man Utd,MID,5.9,13.14,364.56229333333334
457,Casemiro,Man Utd,MID,5.5,13.14,365.22447000000005
458,Mainoo,Man Utd,MID,4.6,13.14,348.55751666666663
459,Ugarte,Man Utd,MID,4.7,13.14,310.749738
460,Collyer,Man Utd,MID,4.5,13.14,0.0
461,Fitzgerald,Man Utd,MID,4.4,13.14,309.582
462,J.Fletcher,Man Utd,MID,4.3,13.14,309.60306
463,Kone,Man Utd,MID,4.3,13.14,309.60306
464,Moorhouse,Man Utd,MID,4.5,13.14,0.0
465,Højlund,Man Utd,FWD,6.3,10.0,0.0
466,Zirkzee,Man Utd,FWD,5.8,10.0,358.7529833333333
467,Obi,Man Utd,FWD,4.2,10.0,309.91896
468,Wheatley,Man Utd,FWD,4.5,10.0,0.0
681,Šeško,Man Utd,FWD,7.2,10.0,349.17380333333335
733,Lammens,Man Utd,GK,5.0,22.54,367.557075
755,Lacey,Man Utd,MID,4.5,13.14,309.582
52,J.Ramsey,Newcastle,MID,5.3,13.09,348.48640666666665
135,Wissa,Newcastle,FWD,7.3,10.0,346.03218
469,Pope,Newcastle,GK,5.1,22.36,301.41225
471,Gillespie,Newcastle,GK,3.9,22.36,357.2343
472,Odysseas,Newcastle,GK,4.0,22.36,0.0
473,Hall,Newcastle,DEF,5.2,22.36,394.55488888888897
474,Schär,Newcastle,DEF,5.3,22.36,385.7080416666667
475,Botman,Newcastle,DEF,4.9,22.36,0.0
476,Burn,Newcastle,DEF,5.1,22.36,0.0
477,Livramento,Newcastle,DEF,4.9,22.36,0.0
478,Trippier,Newcastle,DEF,4.9,22.36,0.0
479,Krafth,Newcastle,DEF,4.3,22.36,0.0
480,Lascelles,Newcastle,DEF,4.3,22.36,0.0
481,A.Murphy,Newcastle,DEF,3.8,22.36,337.52565000000004
482,Ashby,Newcastle,DEF,3.9,22.36,374.8755
483,Pivas,Newcastle,DEF,3.8,22.36,337.4568
484,Targett,Newcastle,DEF,4.0,22.36,0.0
485,Gordon,Newcastle,MID,7.3,13.09,374.58035333333333
486,Elanga,Newcastle,MID,6.5,13.09,320.53249800000003
487,Barnes,Newcastle,MID,6.2,13.09,331.08663900000005
488,Bruno G.,Newcastle,MID,7.0,13.09,345.589569
489,J.Murphy,Newcastle,MID,6.0,13.09,317.207436
490,Joelinton,Newcastle,MID,5.9,13.09,354.88140999999996
491,Tonali,Newcastle,MID,5.3,13.09,355.68780000000004
492,Antoñito C.,Newcastle,MID,4.9,13.09,0.0
494,Willock,Newcastle,MID,5.0,13.09,350.3738333333333
495,Hayden,Newcastle,MID,4.5,13.09,0.0
496,Kuol,Newcastle,MID,4.4,13.09,0.0
497,L.Miley,Newcastle,MID,4.4,13.09,370.1134666666667
498,White,Newcastle,MID,4.5,13.09,0.0
500,Osula,Newcastle,FWD,5.4,10.0,86.00670000000001
501,Neave,Newcastle,FWD,4.4,10.0,309.62412000000006
674,Ramsdale,Newcastle,GK,4.8,22.36,366.033465
684,Thiaw,Newcastle,DEF,5.0,22.36,366.1500375
689,Seung soo,Newcastle,MID,4.4,13.09,309.62412000000006
714,Woltemade,Newcastle,FWD,7.3,10.0,341.13643200000007
753,Ruddy,Newcastle,GK,4.0,22.36,357.21000000000004
765,Shahar,Newcastle,DEF,4.0,22.36,337.36500000000007
12,Zinchenko,Nott'm Forest,DEF,4.9,21.1,374.90099999999995
426,McAtee,Nott'm Forest,MID,5.1,12.78,310.749738
502,Sels,Nott'm Forest,GK,4.7,21.1,314.45189999999997
503,C.Miguel,Nott'm Forest,GK,4.0,21.1,0.0
504,Turner,Nott'm Forest,GK,4.0,21.1,0.0
505,Milenković,Nott'm Forest,DEF,5.1,21.1,361.965275
506,Murillo,Nott'm Forest,DEF,5.2,21.1,401.7469277777778
507,Aina,Nott'm Forest,DEF,4.7,21.1,0.0
508,N.Williams,Nott'm Forest,DEF,4.7,21.1,369.50520000000006
509,David Carmo,Nott'm Forest,DEF,4.5,21.1,0.0
510,Jair Cunha,Nott'm Forest,DEF,4.3,21.1,337.38795000000005
511,Morato,Nott'm Forest,DEF,4.3,21.1,349.8838
512,O.Richards,Nott'm Forest,DEF,4.5,21.1,0.0
513,Abbott,Nott'm Forest,DEF,3.8,21.1,338.683605
514,Boly,Nott'm Forest,DEF,3.8,21.1,0.0
515,Gibbs-White,Nott'm Forest,MID,7.3,12.78,363.8310000000001
516,Hudson-Odoi,Nott'm Forest,MID,5.7,12.78,368.41141999999996
517,Anderson,Nott'm Forest,MID,5.4,12.78,333.62237999999996
518,Jota,Nott'm Forest,MID,5.4,12.78,0.0
519,Dominguez,Nott'm Forest,MID,5.0,12.78,262.76250000000005
520,O'Brien,Nott'm Forest,MID,5.0,12.78,0.0
521,Sangaré,Nott'm Forest,MID,4.9,12.78,0.0
522,Yates,Nott'm Forest,MID,4.7,12.78,0.0
523,Da Silva Moreira,Nott'm Forest,MID,4.5,12.78,0.0
524,Stamenic,Nott'm Forest,MID,4.5,12.78,0.0
525,Wood,Nott'm Forest,FWD,7.2,10.0,0.0
526,Igor Jesus,Nott'm Forest,FWD,5.8,10.0,325.90022400000004
527,Awoniyi,Nott'm Forest,FWD,5.2,10.0,172.0251
669,Ndoye,Nott'm Forest,MID,5.5,12.78,318.376305
675,Gunn,Nott'm Forest,GK,4.0,21.1,397.224
693,Hutchinson,Nott'm Forest,MID,5.4,12.78,326.8032300000001
696,Kalimuendo,Nott'm Forest,FWD,6.0,10.0,310.749738
699,Douglas Luiz,Nott'm Forest,MID,4.9,12.78,345.25399999999996
715,John,Nott'm Forest,GK,4.0,21.1,363.89925
716,Savona,Nott'm Forest,DEF,4.5,21.1,361.15463000000005
729,Cuiabano,Nott'm Forest,DEF,4.5,21.1,0.0
734,Bakwa,Nott'm Forest,MID,5.9,12.78,343.98
528,Patterson,Sunderland,GK,4.2,21.07,357.25860000000006
529,Moore,Sunderland,GK,3.9,21.07,357.30719999999997
530,Nna Noukeu,Sunderland,GK,3.9,21.07,357.2343
531,Ballard,Sunderland,DEF,4.6,21.07,405.6902666666667
532,Hume,Sunderland,DEF,4.5,21.07,351.80603249999996
533,Alese,Sunderland,DEF,4.0,21.07,0.0
534,Anderson,Sunderland,DEF,3.9,21.07,337.4568
535,Cirkin,Sunderland,DEF,4.0,21.07,374.85
536,Hjelde,Sunderland,DEF,4.0,21.07,374.85
537,Huggins,Sunderland,DEF,4.0,21.07,0.0
538,Johnson,Sunderland,DEF,3.9,21.07,337.41089999999997
539,O'Nien,Sunderland,DEF,4.0,21.07,0.0
540,Pembele,Sunderland,DEF,3.9,21.07,337.4568
541,Reinildo,Sunderland,DEF,3.9,21.07,0.0
542,Seelt,Sunderland,DEF,4.0,21.07,0.0
543,Adingra,Sunderland,MID,4.9,12.77,314.25388799999996
544,Diarra,Sunderland,MID,5.3,12.77,0.0
545,Roberts,Sunderland,MID,5.4,12.77,0.0
546,Aleksić,Sunderland,MID,4.9,12.77,0.0
547,E.Le Fée,Sunderland,MID,4.9,12.77,371.54784333333333
548,Mundle,Sunderland,MID,4.9,12.77,347.16499999999996
549,Neil,Sunderland,MID,4.8,12.77,309.582
550,Poveda,Sunderland,MID,4.8,12.77,309.582
551,Rigg,Sunderland,MID,4.7,12.77,312.44849999999997
552,Sadiki,Sunderland,MID,5.0,12.77,0.0
553,Talbi,Sunderland,MID,5.0,12.77,0.0
554,Ba,Sunderland,MID,4.3,12.77,309.66624
555,Browne,Sunderland,MID,4.5,12.77,0.0
556,Ekwah,Sunderland,MID,4.5,12.77,0.0
557,H.Jones,Sunderland,MID,4.3,12.77,309.60306
558,Matete,Sunderland,MID,4.3,12.77,309.62412000000006
559,Triantis,Sunderland,MID,4.4,12.77,0.0
560,Isidor,Sunderland,FWD,5.5,10.0,316.99980000000005
561,Mayenda,Sunderland,FWD,5.2,10.0,310.85542799999996
562,Abdullahi,Sunderland,FWD,4.3,10.0,309.66624
563,Luís Hemir,Sunderland,FWD,4.4,10.0,0.0
564,Rusyn,Sunderland,FWD,4.4,10.0,0.0
668,Xhaka,Sunderland,MID,5.2,12.77,331.08270000000005
670,Roefs,Sunderland,GK,4.8,21.07,386.0451
678,Masuaku,Sunderland,DEF,3.9,21.07,0.0
683,Alderete,Sunderland,DEF,4.0,21.07,396.967
694,Mukiele,Sunderland,DEF,4.2,21.07,358.91283999999996
724,Geertruida,Sunderland,DEF,4.5,21.07,348.61050000000006
730,Brobbey,Sunderland,FWD,5.5,10.0,322.260354
735,Traoré,Sunderland,MID,5.5,12.77,0.0
565,Vicario,Spurs,GK,4.9,21.48,373.60917
566,Austin,Spurs,GK,3.9,21.48,357.28290000000004
567,Kinsky,Spurs,GK,3.9,21.48,357.64740000000006
568,Pedro Porro,Spurs,DEF,5.3,21.48,348.5655775
569,Romero,Spurs,DEF,5.0,21.48,0.0
570,Danso,Spurs,DEF,4.3,21.48,344.8854600000001
571,Davies,Spurs,DEF,4.3,21.48,376.2639277777777
572,Dragusin,Spurs,DEF,4.5,21.48,374.85
573,Spence,Spurs,DEF,4.3,21.48,345.1200600000001
574,Udogie,Spurs,DEF,4.4,21.48,0.0
575,Van de Ven,Spurs,DEF,4.6,21.48,351.33696
576,Phillips,Spurs,DEF,4.0,21.48,0.0
577,Takai,Spurs,DEF,4.0,21.48,281.1375
578,Vuskovic,Spurs,DEF,3.9,21.48,0.0
579,Son,Spurs,MID,8.5,12.87,0.0
580,Johnson,Spurs,MID,6.5,12.87,314.7027
581,Maddison,Spurs,MID,6.8,12.87,0.0
582,Kudus,Spurs,MID,6.4,12.87,371.89290666666665
583,Kulusevski,Spurs,MID,6.4,12.87,0.0
584,Tel,Spurs,MID,6.2,12.87,315.33645
585,Bentancur,Spurs,MID,5.3,12.87,322.811814
586,Bergvall,Spurs,MID,5.3,12.87,353.58310000000006
587,Bissouma,Spurs,MID,5.2,12.87,0.0
588,Odobert,Spurs,MID,5.3,12.87,350.34999999999997
589,Solomon,Spurs,MID,5.4,12.87,0.0
590,Bryan,Spurs,MID,4.9,12.87,0.0
591,Gray,Spurs,MID,4.8,12.87,350.3738333333333
592,Moore,Spurs,MID,5.0,12.87,0.0
593,P.M.Sarr,Spurs,MID,4.6,12.87,0.0
594,Min-hyeok,Spurs,MID,4.5,12.87,0.0
595,Olusesi,Spurs,MID,4.3,12.87,309.62412000000006
596,Solanke,Spurs,FWD,7.2,10.0,0.0
597,Richarlison,Spurs,FWD,6.4,10.0,331.419075
598,Lankshear,Spurs,FWD,4.5,10.0,0.0
599,Scarlett,Spurs,FWD,4.3,10.0,309.70836
673,J.Palhinha,Spurs,MID,5.5,12.87,324.156885
717,Xavi,Spurs,MID,6.5,12.87,0.0
726,Kolo Muani,Spurs,FWD,6.9,10.0,354.9055466666666
745,Byfield,Spurs,DEF,4.0,21.48,337.36500000000007
750,Rowswell,Spurs,DEF,4.0,21.48,337.36500000000007
751,Akhamrich,Spurs,MID,4.5,12.87,309.582
149,Igor,West Ham,DEF,4.5,21.16,378.3465694444444
600,Areola,West Ham,GK,4.3,21.16,379.60677
601,Foderingham,West Ham,GK,4.0,21.16,0.0
602,Hegyi,West Ham,GK,3.9,21.16,357.25860000000006
603,Diouf,West Ham,DEF,4.1,21.16,0.0
604,Emerson,West Ham,DEF,4.4,21.16,0.0
605,Kilman,West Ham,DEF,4.2,21.16,346.78342499999997
606,Mavropanos,West Ham,DEF,4.4,21.16,390.14820555555553
607,N.Aguerd,West Ham,DEF,4.4,21.16,0.0
608,Scarles,West Ham,DEF,4.3,21.16,282.17875
609,Todibo,West Ham,DEF,4.3,21.16,351.7581775
610,Wan-Bissaka,West Ham,DEF,4.2,21.16,0.0
611,Casey,West Ham,DEF,4.0,21.16,0.0
612,L.Paquetá,West Ham,MID,5.9,12.79,350.6836666666667
613,Souček,West Ham,MID,5.7,12.79,351.67184
614,Ward-Prowse,West Ham,MID,5.6,12.79,309.62412000000006
615,Summerville,West Ham,MID,5.5,12.79,351.64792
616,Álvarez,West Ham,MID,4.9,12.79,0.0
617,Cornet,West Ham,MID,4.9,12.79,0.0
618,G.Rodriguez,West Ham,MID,4.8,12.79,313.59510000000006
619,L.Guilherme,West Ham,MID,4.9,12.79,345.891
620,Earthy,West Ham,MID,4.5,12.79,343.98
621,Irving,West Ham,MID,4.3,12.79,310.792014
622,Orford,West Ham,MID,4.4,12.79,0.0
623,Potts,West Ham,MID,4.4,12.79,358.16447333333326
624,Bowen,West Ham,FWD,7.6,10.0,338.68270800000005
625,Füllkrug,West Ham,FWD,5.6,10.0,346.03218
626,Marshall,West Ham,FWD,4.3,10.0,309.70836
659,Walker-Peters,West Ham,DEF,4.2,21.16,340.55823749999996
671,Wilson,West Ham,FWD,5.8,10.0,330.99662700000005
679,Hermansen,West Ham,GK,4.3,21.16,357.25860000000006
708,M.Fernandes,West Ham,MID,5.5,12.79,334.256637
718,S.Magassa,West Ham,MID,5.0,12.79,327.9276
738,Fabianski,West Ham,GK,4.5,21.16,396.9
747,Mayers,West Ham,DEF,4.0,21.16,339.23924999999997
752,Golambeckis,West Ham,DEF,4.0,21.16,337.36500000000007
758,Mohamadou Kanté,West Ham,MID,4.5,12.79,312.44849999999997
627,Johnstone,Wolves,GK,4.5,20.89,363.84975
628,José Sá,Wolves,GK,4.2,20.89,359.43885
629,Bentley,Wolves,GK,4.0,20.89,0.0
631,Agbadou,Wolves,DEF,4.3,20.89,0.0
632,Doherty,Wolves,DEF,4.4,20.89,381.8176388888889
633,H.Bueno,Wolves,DEF,4.3,20.89,0.0
634,Mosquera,Wolves,DEF,4.3,20.89,376.2383333333333
635,R.Gomes,Wolves,DEF,4.4,20.89,0.0
636,S.Bueno,Wolves,DEF,4.4,20.89,340.51191249999994
637,Toti,Wolves,DEF,4.3,20.89,390.8424194444445
638,Hoever,Wolves,DEF,3.8,20.89,380.6879888888889
639,Meupiyou,Wolves,DEF,4.0,20.89,0.0
640,Pedro Lima,Wolves,DEF,4.0,20.89,0.0
641,Pond,Wolves,DEF,3.9,20.89,337.6404
642,Hee Chan,Wolves,MID,5.6,12.72,348.4627033333333
643,André,Wolves,MID,5.3,12.72,361.8406133333333
644,Bellegarde,Wolves,MID,5.2,12.72,0.0
645,Fer López,Wolves,MID,5.2,12.72,348.43899999999996
646,Gomes,Wolves,MID,5.3,12.72,358.65539666666666
647,Guedes,Wolves,MID,5.5,12.72,0.0
648,Munetsi,Wolves,MID,5.3,12.72,0.0
649,B.Traore,Wolves,MID,5.0,12.72,0.0
650,Chirewa,Wolves,MID,4.3,12.72,0.0
651,Edozie,Wolves,MID,4.3,12.72,309.66624
652,Gonzalez,Wolves,MID,4.3,12.72,309.85578000000004
653,Hodge,Wolves,MID,4.5,12.72,0.0
654,Strand Larsen,Wolves,FWD,6.2,10.0,353.75145000000003
655,Fábio Silva,Wolves,FWD,4.9,10.0,0.0
656,Kalajdžić,Wolves,FWD,4.9,10.0,0.0
657,Chiwome,Wolves,FWD,4.4,10.0,0.0
658,Fraser,Wolves,FWD,4.3,10.0,309.94002
663,J.Arias,Wolves,MID,4.9,12.72,317.05646699999994
682,Møller Wolfe,Wolves,DEF,4.3,20.89,346.7598375
695,Tchatchoua,Wolves,DEF,4.5,20.89,344.862
709,Krejčí,Wolves,DEF,4.5,20.89,380.40333333333336
720,Tolu,Wolves,FWD,5.4,10.0,321.06984000000006
749,Mané,Wolves,FWD,4.5,10.0,317.05646699999994
766,Olagunju,Wolves,DEF,4.0,20.89,337.36500000000007
767,Rawlings,Wolves,MID,4.5,12.72,309.582
